Campaign,Ad group,Ad type,Headline 1,Headline 2,Headline 3,Headline 4,Headline 5,Headline 6,Description 1,Description 2,Description 3,Final URL,Path 1,Path 2,Status
Pentest - Preco e Compra,AG - Preco Exact,Responsive search ad,Pentest em 2026: Faixas Reais,Web API Mobile R$ 18k a 120k,Proposta Detalhada em 48h,Parceiro Certificado,Reteste Gratis Incluido,Relatorio Executivo CVSS v4,Evernow mostra faixas reais por tipo 7 variaveis que mudam o preco e 8 itens para checar,Parceiros certificados Reteste gratis Relatorio executivo Mais de 50 CISOs confiam.,Pentest profissional PCI-DSS LGPD e ISO 27001. Solicite orcamento em 48h.,https://evernow.com.br/guias/quanto-custa-pentest/,guias,pentest-preco,Paused
Pentest - Preco e Compra,AG - Preco Exact,Responsive search ad,Quanto Custa Um Pentest 2026,Guia Completo com Precos Reais,Nao Compre Pentest Barato,Tudo que Proposta Deve Ter,Consultoria Especializada,Faixas de R$ 18k a R$ 120k,Guia da Evernow com preco por escopo 7 variaveis do orcamento e checklist para comparar,Pentest manual OSCP OSWE Relatorio com CVSS v4 Reteste em 60 dias. Atende PCI LGPD ISO,R$ 3k em pentest e DAST maquiado. Saiba comparar e escolher direito. Orcamento em 48h.,https://evernow.com.br/guias/quanto-custa-pentest/,guias,preco,Paused
Pentest - Preco e Compra,AG - Preco Exact,Responsive search ad,Pentest Profissional no Brasil,R$ 45k vs R$ 6 mi de Violacao,Violacao Media US$ 1.22M IBM,Investimento que Paga Sozinho,Parceiro OSCP OSWE GPEN,Evernow Faz Pentest de Verdade,Em perspectiva: pentest de R$ 45k e 1.4% do custo medio de uma violacao e reduz essa,Evernow entrega metodologia OWASP PTES relatorio tecnico executivo e 30 min de debrief,Nao compre pentest pelo preco. Compre pelo que o relatorio previne. Proposta em 48h.,https://evernow.com.br/guias/quanto-custa-pentest/,roi,pentest,Paused
Pentest - Preco e Compra,AG - Contratar Phrase,Responsive search ad,Contratar Pentest Evernow 48h,Especialistas OSCP OSWE e GPEN,Reteste Gratis em 60 Dias,Atende PCI LGPD e ISO 27001,Parceiro Certificado Brasil,Relatorio Executivo Detalhado,Consultoria de pentest para web API mobile rede e cloud. Metodologia OWASP + PTES. Mais,Relatorio tecnico-executivo com narrativa de ataque real. Reteste gratis. Integracao com,Solicite proposta em 48h com escopo cronograma e preco detalhado.,https://evernow.com.br/pentest,pentest,contratar,Paused
Pentest - Preco e Compra,AG - Contratar Phrase,Responsive search ad,Empresa Pentest Especialista,Pentesters OSCP OSWE GPEN,Proposta em 48h com Escopo,Reteste Gratis Incluido,Consultoria Brasileira Senior,Relatorio Pronto para Auditor,Consultoria especializada em seguranca ofensiva no Brasil. Pentest manual + automatizado,Web API Mobile Rede Cloud Red Team. PCI-DSS LGPD ISO 27001. Atendimento SP RJ e Brasil,Reteste gratis em 60 dias e debrief executivo de 30 min com o CISO.,https://evernow.com.br/pentest,pentest,empresa,Paused
Pentest - Preco e Compra,AG - Contratar Phrase,Responsive search ad,Pentest por OSCP em 48h,Consultoria Senior de Pentest,Parceiro Certificado Brasil,Reteste Gratis Relatorio CVSS,Atendimento SP RJ e Nacional,Evernow Seguranca Ofensiva,Evernow entrega pentest manual com OWASP WSTG PTES e OSSTMM. Relatorio com narrativa de,Reteste gratis em 60 dias. Integracao com Jira e ClickUp. Debrief de 30 min com o CISO.,Consultoria seguranca ofensiva para setor financeiro saude varejo e tecnologia.,https://evernow.com.br/pentest,consultoria,pentest,Paused
Pentest - Preco e Compra,AG - Tipos Phrase,Responsive search ad,Pentest de App Web por OSCP,SQLi XSS Auth Broken IDOR,Relatorio Executivo Completo,Reteste Gratis em 60 Dias,Proposta em 48h,Parceiro Certificado Brasil,Testes manuais + automatizados Metodologia OWASP WSTG. Reteste gratis. Evernow entrega,Para web mobile API rede e cloud. PCI-DSS LGPD e ISO 27001. Especialistas OSCP OSWE GPEN.,Relatorio com narrativa de ataque real e priorizacao por risco de negocio.,https://evernow.com.br/pentest,pentest,tipos,Paused
Pentest - Compliance,AG - PCI DSS,Responsive search ad,Pentest PCI-DSS 4.0 Aprovado,Metodologia Aprovada por QSA,Reteste Obrigatorio Incluso,Evidencia Pronta para Auditor,Parceiro Certificado Brasil,Processadores e Bancos Confiam,Teste externo + interno conforme PCI-DSS 4.0. Evidencias rastreaveis e relatorio pronto,Evernow: parceiro de pentest com experiencia em processadores adquirentes e bancos.,Reteste incluso. Debrief de 30 min com o CISO. Proposta em 48h.,https://evernow.com.br/pentest,pentest,pci,Paused
Pentest - Compliance,AG - LGPD,Responsive search ad,Pentest LGPD Evidencia ANPD,Art 46 Medidas Adequadas,Diligencia Documentada 48h,Reteste Gratis Pos-Correcao,Evidencia Rastreavel Auditor,Roadmap 120 Dias DPO Servico,Evernow entrega pentest com relatorio especifico para LGPD DPIA e prontidao para,Consultoria completa de adequacao. Roadmap 120 dias + DPO as a Service + Evidencia,Relatorio com rastreabilidade de dados sensiveis e priorizacao por impacto.,https://evernow.com.br/servicos/adequacao-lgpd/,servicos,lgpd,Paused
Pentest - Compliance,AG - ISO 27001,Responsive search ad,Pentest ISO 27001 A.8.8 A.8.29,Anexo A 2022 Atendido,Evernow Certificacao 8 Meses,Parceiro Certificado Brasil,Relatorio Pronto para Auditor,Lead Auditor ISO 27001,Pentest com rastreabilidade para controles A.8 da ISO 27001:2022. Relatorio apresentavel,Consultoria completa do SGSI a emissao do certificado. 100% aprovacao na primeira,93 controles do Anexo A implementados com evidencia rastreavel.,https://evernow.com.br/servicos/consultoria-iso-27001/,servicos,iso-27001,Paused
DevSecOps - BOFU,AG - Consultoria BOFU,Responsive search ad,Consultoria DevSecOps Senior,Pipeline CI/CD em 90 Dias,SAST DAST SCA IaC Integrados,Fortify Veracode SonarQube,KPIs MTTR Coverage Escape Rate,Mais de 50 CISOs Confiam,Evernow implementa e opera o pipeline DevSecOps completo. Parceiro certificado Fortify,KPIs executivos: MTTR escape rate coverage. Shift-left + Shift-right. Dev ownership real.,Proposta em 48h com roadmap cronograma e preco. Atende Brasil inteiro.,https://evernow.com.br/produtos/devsecops/,produtos,devsecops,Paused
DevSecOps - BOFU,AG - Consultoria BOFU,Responsive search ad,DevSecOps do Commit ao Deploy,Secure Code como Servico,Implementacao em 12 Semanas,Parceiro Certificado Brasil,SAST DAST SCA no Pipeline,KPIs Executivos MTTR Coverage,SAST DAST SCA threat modeling code review treinamento dev - Evernow ponta a ponta sem,Parceiro Fortify Veracode SonarQube Sonatype. Pipeline que nao trava deploy. Dev,Proposta em 48h. Atendimento SP RJ e Brasil inteiro.,https://evernow.com.br/produtos/devsecops/,secure,code,Paused
DevSecOps - BOFU,AG - Consultoria BOFU,Responsive search ad,Implantar DevSecOps sem Travar,Pipeline Integrado 12 Semanas,KPIs Claros Dev Ownership,Arquiteto Senior Dedicado,Operacao Gerenciada Ongoing,Parceiro Certificado Brasil,Evernow implementa DevSecOps sem quebrar velocidade. 90 dias para pipeline operando com,Time de arquitetos seniores + operacao gerenciada ongoing. KPIs MTTR escape rate coverage.,Shift-left + Shift-right. SAST DAST SCA IaC DSPM RASP.,https://evernow.com.br/produtos/devsecops/,implantacao,devsecops,Paused
